"age","etr","true_mortality","deaths","crude_mortality","weighted","graduated_splines","zx","zx_squared","spline_zx","zx_spline_squared"
20,1000,0.0128022053838892,16,0.016,0.0134980823673993,0.0135681648586569,0.185353560935685,0.46373934237031,0.17923095471467,0.0321237351279322
21,950,0.0130544038684392,18,0.0189473684210526,0.0137454600468023,0.0136683539779742,0.3784455635925,1.87020718912722,0.386221665870318,0.149167175187643
22,902.5,0.0133293002165987,12,0.0132963988919668,0.0140160857334902,0.0137814160983247,-0.051347206003727,0.0333509024301619,-0.0351935681280873,0.00123858723758633
23,857.375,0.0136289372360926,8,0.00933080623997667,0.0143121442237793,0.0139331283898507,-0.34804973356307,1.48647678535821,-0.330315060702844,0.109108039327123
24,814.50625,0.0139555415873409,6,0.00736642597892895,0.0146360256363126,0.0141488175918026,-0.496692192130866,2.94098120315167,-0.479361018605763,0.229786986158755
25,773.7809375,0.0143115403302016,12,0.0155082652187978,0.014990344707798,0.0144395227716437,0.0345502735991372,0.0138462646377428,0.0740150809729621,0.00547823221143414
26,735.091890625,0.0146995789599197,10,0.0136037414199981,0.015377961902117,0.0147997075985426,-0.115374227964154,0.150472808944857,-0.0808101221312201,0.00653027583886271
27,698.33729609375,0.0151225410663125,11,0.0157517005915767,0.0158020065032215,0.0152218128300142,-0.00318351417173099,0.000111838426513482,0.0348110811425592,0.00121181137031384
28,663.420431289062,0.0155835697622806,10,0.0150733976952887,0.0162659018782494,0.0156967515500917,-0.0733131302455049,0.0580003369187512,-0.0397122839597563,0.00157706549730031
29,630.249409724609,0.0160860910408859,17,0.0269734485073588,0.0167733931148122,0.0162155626895756,0.608109243176273,3.90927824368586,0.66342969551707,0.440138960893873
30,598.736939238379,0.0166338392345656,15,0.0250527385517264,0.0173285772555735,0.0167728851004381,0.445746998281035,2.06146428157339,0.493645154170405,0.243685538235923
31,568.80009227646,0.0172308847656765,7,0.0123066084113744,0.0179359363742067,0.0173841705080746,-0.313857489533012,1.00495983798242,-0.292079630393742,0.0853105104909447
32,540.360087662637,0.0178816643945874,6,0.0111037068373303,0.018600373759758,0.0180804618781464,-0.403038509830743,1.63266853639616,-0.385872611431947,0.14889767225331
33,513.342083279505,0.0185910141901003,11,0.021428206177304,0.0193272535015352,0.0188859840766416,0.10870415062347,0.11723823340733,0.134608929582157,0.0181195639232542
34,487.67497911553,0.0193642054672093,4,0.0082021841827001,0.0201224437940979,0.0198140079333377,-0.592386279388894,3.44366723948452,-0.586041137648901,0.343444215016818
35,463.291230159753,0.0202069839592582,11,0.023743164739395,0.020992364311954,0.0208750527896918,0.131038142562845,0.166997854238174,0.137394236967845,0.0188771763519763
36,440.126668651765,0.0211256125155914,8,0.0181765854464268,0.021944038036426,0.022066469796703,-0.171684563421983,0.284679850363946,-0.176280319693789,0.0310747511113446
37,418.120335219177,0.0221269176419946,13,0.031091527737309,0.022985147953091,0.0233842702503518,0.352679034338254,1.1953852136061,0.329591533301804,0.108630578824234
38,397.214318458218,0.0232183402297742,8,0.0201402608824674,0.0241240990775214,0.0248229460868389,-0.165139356385999,0.261322722408181,-0.188643410334532,0.0355863362626428
39,377.353602535307,0.0244079908504538,10,0.0265003432664045,0.0253700863100669,0.0263831237256756,0.0445507730058091,0.0190011957935154,0.00444297430234816,1.97400206513261e-05
40,358.485922408542,0.0257047100269947,14,0.0390531374452276,0.0267331686674797,0.0280626788474781,0.460849551019923,2.03535834294353,0.391639681210877,0.153381639898958
41,340.561626288115,0.0271181339294242,11,0.0322995873607146,0.0282243504906628,0.0298609670696306,0.144387268412073,0.200390656558688,0.0816658176340223,0.00666930576983338
42,323.533544973709,0.0286587659830724,8,0.0247269568311691,0.0298556702841434,0.0317882806920958,-0.171783564199469,0.285042330999382,-0.222136073646868,0.0493444352152466
43,307.356867725024,0.0303380549215489,9,0.0292819225632265,0.0316402979044833,0.033858181734772,-0.074537077633602,0.0540291591061952,-0.135159625741087,0.0182681244304707
44,291.989024338772,0.0321684798644883,10,0.0342478626470486,0.0335926408822418,0.0360778454278971,0.0195049197561954,0.00373163373048361,-0.050723172604799,0.00257284023909623
45,277.389573121834,0.0341636430522922,17,0.0612856489473501,0.0357284607358406,0.0384488992929768,0.715317360030351,5.07109759233098,0.59395067412358,0.352777403291855
46,263.520094465742,0.0363383709269985,5,0.0189738851230186,0.0380650002163494,0.0409747962537821,-0.501539865619938,2.52319312475119,-0.53693765783479,0.28830204840111
47,250.344089742455,0.0387088243104284,11,0.0439395234427799,0.0406211225104546,0.0436715001127095,0.0816915123768747,0.0678645753421196,0.00613725952574708,3.76659544863732e-05
48,237.826885255332,0.041292618498367,13,0.0546616081106353,0.0434174635254152,0.0465439219875846,0.258977463725814,0.692547144372081,0.174409155404139,0.0304185534887851
49,225.935540992566,0.04410895416322,8,0.0354083291404925,0.0464765984854225,0.0495946142380769,-0.238147147287502,0.595538243998174,-0.286044872321896,0.08182166898165
50,214.638763942937,0.0471787600379098,6,0.0279539440582836,0.0498232241843165,0.0528291499488698,-0.438937473117547,2.06037041586827,-0.470861369426945,0.221710429218618
51,203.90682574579,0.0505248484413217,15,0.0735630106796936,0.0534843583660105,0.0562424369270983,0.375411670385545,1.53700079724668,0.307962718170379,0.0948410357828884
52,193.711484458501,0.0541720848010407,5,0.0258115826946293,0.0574895578422465,0.0598155533862608,-0.551021373908332,3.38128072094276,-0.568480416323323,0.323169983743139
53,184.025910235576,0.0581475724331343,16,0.0869442785503304,0.0618711571085751,0.0635310484372477,0.405247333547609,1.8698533409956,0.36853209082814,0.13581590197016
54,174.824614723797,0.0624808539521164,17,0.0972403115365537,0.0666645293849377,0.0673592856406739,0.458651436284261,2.45167508229742,0.443606632874333,0.196786844730104
55,166.083383987607,0.0672041308078069,10,0.0602107192176803,0.0719083721882651,0.0712810680218473,-0.162674423222359,0.31604155784381,-0.155305596722737,0.0241198283734053
56,157.779214788227,0.0723525025805095,9,0.0570417339956972,0.0776450197425573,0.0752925585153427,-0.265352315128171,0.862599411043517,-0.242398782556001,0.0587571697846317
57,149.890254048815,0.0779642278127554,9,0.0600439305217865,0.0839207847485726,0.0793866209219716,-0.2845165747475,1.01825857321201,-0.243651766198701,0.0593661831717465
58,142.395741346375,0.0840810083159034,14,0.0983175470532176,0.0907863322722754,0.083545438660535,0.0829553809746991,0.0889624216747442,0.176815259211281,0.0312636358899525
59,135.275954279056,0.0907482990643347,13,0.0960998580219421,0.0982970887704938,0.0877430603183234,-0.0223529585263905,0.00664402543854912,0.0952416940245876,0.00907098028067317
60,128.512156565103,0.0980156459801248,16,0.124501840352314,0.106513689555904,0.0919579076798288,0.168881116327943,0.390401809782277,0.353900316934064,0.125245434326031
